ID,OrderId,ItemId
17f64793-5ced-4c65-b473-0b9c55e51ea4,2440cf22-d506-4ea1-aa93-615933111cc7,1faa2766-28ed-4ad8-ba00-8452a1b640b6
dec4bc7e-9089-46fe-89d3-e35c9abc4ed5,5b2723dd-1f4c-4eaa-9918-9e729d010a43,6004d576-2730-4e1b-a217-30e284e2ef51
f15ada2b-3d50-4efb-b742-d2f5a356adba,c7774fa7-1ee3-48b3-a18d-67a496a5b585,530b0c07-9b3e-4435-9d36-82e429262bc4
7fab6fb7-beaf-4db0-b1c0-db46276961a9,256a9869-6abc-4608-8560-6142211749ec,6004d576-2730-4e1b-a217-30e284e2ef51
12514023-cb3b-447b-8129-2b4e3afd0e0e,256a9869-6abc-4608-8560-6142211749ec,0ea7462d-f843-4552-97e0-0397e1b0c08e
364d5106-8890-4a30-9753-b9820ec39dd0,f1d3da78-53d8-4740-a15d-923a06d47620,530b0c07-9b3e-4435-9d36-82e429262bc4
5fb892ae-c0a7-4ee3-ac22-cb5c348f8cd9,2440cf22-d506-4ea1-aa93-615933111cc7,2db05642-5851-450f-8de6-d3d4569eeb43
7f395fef-e9f4-45fd-882b-77feb2d60939,2440cf22-d506-4ea1-aa93-615933111cc7,0ea7462d-f843-4552-97e0-0397e1b0c08e
88c444ef-4bb0-4e59-8d02-d6eb20c86a2e,2440cf22-d506-4ea1-aa93-615933111cc7,f5809cd3-8c2f-4796-ac54-be9c2e647082
9bd7355c-6971-450f-b9b2-f4095d35e214,5b2723dd-1f4c-4eaa-9918-9e729d010a43,6004d576-2730-4e1b-a217-30e284e2ef51
